{"0": {"top_left": ["463", "608"], "top_right": ["480", "608"], "bottom_left": ["463", "144"], "bottom_right": ["480", "144"]}, "1": {"top_left": ["379", "240"], "top_right": ["396", "240"], "bottom_left": ["379", "112"], "bottom_right": ["396", "112"]}, "2": {"top_left": ["408", "416"], "top_right": ["421", "416"], "bottom_left": ["408", "176"], "bottom_right": ["421", "176"]}, "3": {"top_left": ["274", "416"], "top_right": ["290", "416"], "bottom_left": ["274", "144"], "bottom_right": ["290", "144"]}, "4": {"top_left": ["515", "336"], "top_right": ["532", "336"], "bottom_left": ["515", "144"], "bottom_right": ["532", "144"]}, "5": {"top_left": ["554", "368"], "top_right": ["571", "368"], "bottom_left": ["554", "144"], "bottom_right": ["571", "144"]}, "6": {"top_left": ["444", "416"], "top_right": ["461", "416"], "bottom_left": ["444", "144"], "bottom_right": ["461", "144"]}, "7": {"top_left": ["294", "608"], "top_right": ["309", "608"], "bottom_left": ["294", "144"], "bottom_right": ["309", "144"]}, "8": {"top_left": ["45", "496"], "top_right": ["60", "496"], "bottom_left": ["45", "192"], "bottom_right": ["60", "192"]}, "9": {"top_left": ["574", "640"], "top_right": ["593", "640"], "bottom_left": ["574", "144"], "bottom_right": ["593", "144"]}, "10": {"top_left": ["156", "384"], "top_right": ["170", "384"], "bottom_left": ["156", "144"], "bottom_right": ["170", "144"]}, "11": {"top_left": ["102", "624"], "top_right": ["117", "624"], "bottom_left": ["102", "144"], "bottom_right": ["117", "144"]}, "12": {"top_left": ["540", "320"], "top_right": ["555", "320"], "bottom_left": ["540", "144"], "bottom_right": ["555", "144"]}, "13": {"top_left": ["130", "176"], "top_right": ["146", "176"], "bottom_left": ["130", "112"], "bottom_right": ["146", "112"]}, "14": {"top_left": ["172", "624"], "top_right": ["190", "624"], "bottom_left": ["172", "144"], "bottom_right": ["190", "144"]}, "15": {"top_left": ["491", "160"], "top_right": ["505", "160"], "bottom_left": ["491", "112"], "bottom_right": ["505", "112"]}, "16": {"top_left": ["227", "624"], "top_right": ["243", "624"], "bottom_left": ["227", "144"], "bottom_right": ["243", "144"]}, "17": {"top_left": ["426", "448"], "top_right": ["443", "448"], "bottom_left": ["426", "144"], "bottom_right": ["443", "144"]}, "18": {"top_left": ["412", "176"], "top_right": ["426", "176"], "bottom_left": ["412", "144"], "bottom_right": ["426", "144"]}, "19": {"top_left": ["251", "160"], "top_right": ["267", "160"], "bottom_left": ["251", "112"], "bottom_right": ["267", "112"]}, "20": {"top_left": ["351", "480"], "top_right": ["369", "480"], "bottom_left": ["351", "192"], "bottom_right": ["369", "192"]}, "21": {"top_left": ["75", "272"], "top_right": ["90", "272"], "bottom_left": ["75", "112"], "bottom_right": ["90", "112"]}, "22": {"top_left": ["202", "272"], "top_right": ["215", "272"], "bottom_left": ["202", "112"], "bottom_right": ["215", "112"]}, "23": {"top_left": ["331", "384"], "top_right": ["347", "384"], "bottom_left": ["331", "304"], "bottom_right": ["347", "304"]}, "24": {"top_left": ["25", "432"], "top_right": ["40", "432"], "bottom_left": ["25", "256"], "bottom_right": ["40", "256"]}}