{"0": {"top_left": ["321", "800"], "top_right": ["348", "800"], "bottom_left": ["321", "304"], "bottom_right": ["348", "304"]}, "1": {"top_left": ["229", "768"], "top_right": ["256", "768"], "bottom_left": ["229", "304"], "bottom_right": ["256", "304"]}, "2": {"top_left": ["297", "720"], "top_right": ["318", "720"], "bottom_left": ["297", "304"], "bottom_right": ["318", "304"]}, "3": {"top_left": ["100", "576"], "top_right": ["124", "576"], "bottom_left": ["100", "256"], "bottom_right": ["124", "256"]}, "4": {"top_left": ["261", "752"], "top_right": ["288", "752"], "bottom_left": ["261", "304"], "bottom_right": ["288", "304"]}, "5": {"top_left": ["127", "672"], "top_right": ["153", "672"], "bottom_left": ["127", "256"], "bottom_right": ["153", "256"]}, "6": {"top_left": ["157", "656"], "top_right": ["183", "656"], "bottom_left": ["157", "256"], "bottom_right": ["183", "256"]}, "7": {"top_left": ["187", "672"], "top_right": ["211", "672"], "bottom_left": ["187", "256"], "bottom_right": ["211", "256"]}, "8": {"top_left": ["133", "368"], "top_right": ["147", "368"], "bottom_left": ["133", "160"], "bottom_right": ["147", "160"]}, "9": {"top_left": ["167", "368"], "top_right": ["185", "368"], "bottom_left": ["167", "160"], "bottom_right": ["185", "160"]}, "10": {"top_left": ["188", "656"], "top_right": ["206", "656"], "bottom_left": ["188", "160"], "bottom_right": ["206", "160"]}, "11": {"top_left": ["589", "352"], "top_right": ["606", "352"], "bottom_left": ["589", "128"], "bottom_right": ["606", "128"]}, "12": {"top_left": ["562", "352"], "top_right": ["580", "352"], "bottom_left": ["562", "128"], "bottom_right": ["580", "128"]}, "13": {"top_left": ["549", "288"], "top_right": ["563", "288"], "bottom_left": ["549", "128"], "bottom_right": ["563", "128"]}, "14": {"top_left": ["576", "336"], "top_right": ["589", "336"], "bottom_left": ["576", "128"], "bottom_right": ["589", "128"]}, "15": {"top_left": ["20", "192"], "top_right": ["34", "192"], "bottom_left": ["20", "112"], "bottom_right": ["34", "112"]}, "16": {"top_left": ["356", "240"], "top_right": ["371", "240"], "bottom_left": ["356", "112"], "bottom_right": ["371", "112"]}, "17": {"top_left": ["50", "416"], "top_right": ["66", "416"], "bottom_left": ["50", "144"], "bottom_right": ["66", "144"]}, "18": {"top_left": ["225", "240"], "top_right": ["240", "240"], "bottom_left": ["225", "112"], "bottom_right": ["240", "112"]}, "19": {"top_left": ["388", "480"], "top_right": ["404", "480"], "bottom_left": ["388", "144"], "bottom_right": ["404", "144"]}, "20": {"top_left": ["262", "496"], "top_right": ["276", "496"], "bottom_left": ["262", "144"], "bottom_right": ["276", "144"]}, "21": {"top_left": ["96", "192"], "top_right": ["112", "192"], "bottom_left": ["96", "112"], "bottom_right": ["112", "112"]}}