{"0": {"top_left": ["113", "400"], "top_right": ["142", "400"], "bottom_left": ["113", "128"], "bottom_right": ["142", "128"]}, "1": {"top_left": ["148", "512"], "top_right": ["179", "512"], "bottom_left": ["148", "128"], "bottom_right": ["179", "128"]}, "2": {"top_left": ["0", "752"], "top_right": ["13", "752"], "bottom_left": ["0", "192"], "bottom_right": ["13", "192"]}, "3": {"top_left": ["40", "352"], "top_right": ["73", "352"], "bottom_left": ["40", "112"], "bottom_right": ["73", "112"]}, "4": {"top_left": ["76", "464"], "top_right": ["108", "464"], "bottom_left": ["76", "112"], "bottom_right": ["108", "112"]}, "5": {"top_left": ["222", "592"], "top_right": ["243", "592"], "bottom_left": ["222", "160"], "bottom_right": ["243", "160"]}, "6": {"top_left": ["201", "512"], "top_right": ["219", "512"], "bottom_left": ["201", "160"], "bottom_right": ["219", "160"]}, "7": {"top_left": ["364", "432"], "top_right": ["380", "432"], "bottom_left": ["364", "160"], "bottom_right": ["380", "160"]}, "8": {"top_left": ["439", "816"], "top_right": ["456", "816"], "bottom_left": ["439", "160"], "bottom_right": ["456", "160"]}, "9": {"top_left": ["388", "416"], "top_right": ["405", "416"], "bottom_left": ["388", "160"], "bottom_right": ["405", "160"]}, "10": {"top_left": ["17", "528"], "top_right": ["72", "528"], "bottom_left": ["17", "320"], "bottom_right": ["72", "320"]}, "11": {"top_left": ["280", "768"], "top_right": ["299", "768"], "bottom_left": ["280", "160"], "bottom_right": ["299", "160"]}, "12": {"top_left": ["540", "320"], "top_right": ["555", "320"], "bottom_left": ["540", "144"], "bottom_right": ["555", "144"]}, "13": {"top_left": ["130", "176"], "top_right": ["146", "176"], "bottom_left": ["130", "112"], "bottom_right": ["146", "112"]}, "14": {"top_left": ["172", "624"], "top_right": ["190", "624"], "bottom_left": ["172", "144"], "bottom_right": ["190", "144"]}, "15": {"top_left": ["491", "160"], "top_right": ["505", "160"], "bottom_left": ["491", "112"], "bottom_right": ["505", "112"]}, "16": {"top_left": ["227", "624"], "top_right": ["243", "624"], "bottom_left": ["227", "144"], "bottom_right": ["243", "144"]}, "17": {"top_left": ["426", "448"], "top_right": ["443", "448"], "bottom_left": ["426", "144"], "bottom_right": ["443", "144"]}, "18": {"top_left": ["412", "176"], "top_right": ["426", "176"], "bottom_left": ["412", "144"], "bottom_right": ["426", "144"]}, "19": {"top_left": ["251", "160"], "top_right": ["267", "160"], "bottom_left": ["251", "112"], "bottom_right": ["267", "112"]}, "20": {"top_left": ["351", "480"], "top_right": ["369", "480"], "bottom_left": ["351", "192"], "bottom_right": ["369", "192"]}, "21": {"top_left": ["75", "272"], "top_right": ["90", "272"], "bottom_left": ["75", "112"], "bottom_right": ["90", "112"]}, "22": {"top_left": ["202", "272"], "top_right": ["215", "272"], "bottom_left": ["202", "112"], "bottom_right": ["215", "112"]}, "23": {"top_left": ["331", "384"], "top_right": ["347", "384"], "bottom_left": ["331", "304"], "bottom_right": ["347", "304"]}, "24": {"top_left": ["25", "432"], "top_right": ["40", "432"], "bottom_left": ["25", "256"], "bottom_right": ["40", "256"]}}