{"0": {"top_left": ["410", "432"], "top_right": ["425", "432"], "bottom_left": ["410", "176"], "bottom_right": ["425", "176"]}, "1": {"top_left": ["300", "480"], "top_right": ["317", "480"], "bottom_left": ["300", "160"], "bottom_right": ["317", "160"]}, "2": {"top_left": ["68", "656"], "top_right": ["83", "656"], "bottom_left": ["68", "160"], "bottom_right": ["83", "160"]}, "3": {"top_left": ["445", "720"], "top_right": ["462", "720"], "bottom_left": ["445", "160"], "bottom_right": ["462", "160"]}, "4": {"top_left": ["282", "512"], "top_right": ["298", "512"], "bottom_left": ["282", "160"], "bottom_right": ["298", "160"]}, "5": {"top_left": ["149", "384"], "top_right": ["163", "384"], "bottom_left": ["149", "160"], "bottom_right": ["163", "160"]}, "6": {"top_left": ["322", "656"], "top_right": ["338", "656"], "bottom_left": ["322", "160"], "bottom_right": ["338", "160"]}, "7": {"top_left": ["427", "432"], "top_right": ["445", "432"], "bottom_left": ["427", "160"], "bottom_right": ["445", "160"]}, "8": {"top_left": ["133", "368"], "top_right": ["147", "368"], "bottom_left": ["133", "160"], "bottom_right": ["147", "160"]}, "9": {"top_left": ["167", "368"], "top_right": ["185", "368"], "bottom_left": ["167", "160"], "bottom_right": ["185", "160"]}, "10": {"top_left": ["188", "656"], "top_right": ["206", "656"], "bottom_left": ["188", "160"], "bottom_right": ["206", "160"]}, "11": {"top_left": ["589", "352"], "top_right": ["606", "352"], "bottom_left": ["589", "128"], "bottom_right": ["606", "128"]}, "12": {"top_left": ["562", "352"], "top_right": ["580", "352"], "bottom_left": ["562", "128"], "bottom_right": ["580", "128"]}, "13": {"top_left": ["549", "288"], "top_right": ["563", "288"], "bottom_left": ["549", "128"], "bottom_right": ["563", "128"]}, "14": {"top_left": ["576", "336"], "top_right": ["589", "336"], "bottom_left": ["576", "128"], "bottom_right": ["589", "128"]}, "15": {"top_left": ["20", "192"], "top_right": ["34", "192"], "bottom_left": ["20", "112"], "bottom_right": ["34", "112"]}, "16": {"top_left": ["356", "240"], "top_right": ["371", "240"], "bottom_left": ["356", "112"], "bottom_right": ["371", "112"]}, "17": {"top_left": ["50", "416"], "top_right": ["66", "416"], "bottom_left": ["50", "144"], "bottom_right": ["66", "144"]}, "18": {"top_left": ["225", "240"], "top_right": ["240", "240"], "bottom_left": ["225", "112"], "bottom_right": ["240", "112"]}, "19": {"top_left": ["388", "480"], "top_right": ["404", "480"], "bottom_left": ["388", "144"], "bottom_right": ["404", "144"]}, "20": {"top_left": ["262", "496"], "top_right": ["276", "496"], "bottom_left": ["262", "144"], "bottom_right": ["276", "144"]}, "21": {"top_left": ["96", "192"], "top_right": ["112", "192"], "bottom_left": ["96", "112"], "bottom_right": ["112", "112"]}}