{"0": {"top_left": ["414", "592"], "top_right": ["432", "592"], "bottom_left": ["414", "256"], "bottom_right": ["432", "256"]}, "1": {"top_left": ["122", "480"], "top_right": ["143", "480"], "bottom_left": ["122", "176"], "bottom_right": ["143", "176"]}, "2": {"top_left": ["27", "480"], "top_right": ["47", "480"], "bottom_left": ["27", "368"], "bottom_right": ["47", "368"]}, "3": {"top_left": ["90", "336"], "top_right": ["106", "336"], "bottom_left": ["90", "144"], "bottom_right": ["106", "144"]}, "4": {"top_left": ["274", "512"], "top_right": ["293", "512"], "bottom_left": ["274", "176"], "bottom_right": ["293", "176"]}, "5": {"top_left": ["320", "512"], "top_right": ["337", "512"], "bottom_left": ["320", "176"], "bottom_right": ["337", "176"]}, "6": {"top_left": ["388", "464"], "top_right": ["409", "464"], "bottom_left": ["388", "384"], "bottom_right": ["409", "384"]}, "7": {"top_left": ["343", "816"], "top_right": ["359", "816"], "bottom_left": ["343", "176"], "bottom_right": ["359", "176"]}, "8": {"top_left": ["514", "752"], "top_right": ["531", "752"], "bottom_left": ["514", "176"], "bottom_right": ["531", "176"]}, "9": {"top_left": ["297", "528"], "top_right": ["312", "528"], "bottom_left": ["297", "176"], "bottom_right": ["312", "176"]}, "10": {"top_left": ["178", "496"], "top_right": ["197", "496"], "bottom_left": ["178", "176"], "bottom_right": ["197", "176"]}, "11": {"top_left": ["147", "544"], "top_right": ["165", "544"], "bottom_left": ["147", "176"], "bottom_right": ["165", "176"]}, "12": {"top_left": ["489", "576"], "top_right": ["506", "576"], "bottom_left": ["489", "176"], "bottom_right": ["506", "176"]}, "13": {"top_left": ["567", "336"], "top_right": ["580", "336"], "bottom_left": ["567", "160"], "bottom_right": ["580", "160"]}, "14": {"top_left": ["202", "752"], "top_right": ["222", "752"], "bottom_left": ["202", "176"], "bottom_right": ["222", "176"]}, "15": {"top_left": ["451", "320"], "top_right": ["467", "320"], "bottom_left": ["451", "128"], "bottom_right": ["467", "128"]}, "16": {"top_left": ["548", "336"], "top_right": ["564", "336"], "bottom_left": ["548", "144"], "bottom_right": ["564", "144"]}, "17": {"top_left": ["56", "512"], "top_right": ["70", "512"], "bottom_left": ["56", "320"], "bottom_right": ["70", "320"]}, "18": {"top_left": ["237", "224"], "top_right": ["254", "224"], "bottom_left": ["237", "128"], "bottom_right": ["254", "128"]}}